{"train_loss": 0.02085685543715954, "epoch": 20, "trainer/global_step": 2041, "_timestamp": 1671459394.6989858, "_runtime": 2934.7262139320374, "_step": 80, "val_loss": 0.05391121655702591, "val_acc": 0.9954981207847595, "val_AUROC": 0.5133335590362549, "train_acc": 0.9965068101882935, "train_AUROC": 0.7801173329353333, "test_loss": 0.03971165046095848, "test_acc": 0.9966089129447937, "test_AUROC": 0.5983999371528625, "_wandb": {"runtime": 2956}}